model,cv_f1,test_f1,accuracy
Random Forest,0.22571428571428573,0.7333333333333333,0.8
Decision Tree,0.33166666666666667,0.4666666666666666,0.6
Logistic Regression,0.1375,0.4666666666666666,0.6
XGBoost,,0.27999999999999997,0.4
